{
  "events": [
    {
      "info": "The ENIAC was one of the first computers created. The ENIAC weighed more than 27 tons and took up 1800 square feet!",
      "image": "images/ENIAC.jpg"
    },
    {
      "info": "There are more than 5000 new computer viruses are released every month!",
      "image": "images/virus.jpg"
    },
    {
      "info": "An average person normally blinks 20 times a minute, but when using a computer he/she blinks only 7 times a minute.",
      "image": "images/eyes.png"
    }
  ]
}
